t,z(t),v(t),a(t) (added)
0.02,2,0,-50
0.04,1.98,-1,0
0.06,1.96,-1,0
0.08,1.94,-1,0
0.09999999,1.92,-1,0
0.12,1.9,-1,0
0.14,1.88,-1,0
0.16,1.86,-1,0
0.18,1.84,-1,0
0.2,1.82,-1,0
0.22,1.8,-1,0
0.24,1.78,-1,0
0.26,1.76,-1,0
0.28,1.74,-1,0
0.3,1.72,-1,0
0.32,1.7,-1,0
0.34,1.68,-1,0
0.36,1.66,-1,0
0.38,1.64,-1,0
0.4,1.62,-1,0
0.42,1.6,-1,0
0.4400001,1.58,-1,0
0.4600001,1.56,-1,0
0.4800001,1.54,-1,0
0.5000001,1.52,-1,0
0.52,1.5,-1,0
0.54,1.48,-1,0
0.56,1.460001,-1,0
0.58,1.440001,-1,0
0.6,1.420001,-1,0
0.6199999,1.400001,-1,0
0.6399999,1.380001,-1,0
0.6599999,1.360001,-1,0
0.6799999,1.340001,-1,0
0.6999999,1.320001,-1,0
0.7199998,1.300001,-1,0
0.7399998,1.280001,-1,0
0.7599998,1.260001,-1,0
0.7799998,1.240001,-1,0
0.7999998,1.220001,-1,0
0.8199998,1.200001,-1,0
0.8399997,1.180001,-1,0
0.8599997,1.160001,-1,0
0.8799997,1.140001,-1,0
0.8999997,1.120001,-1,0
0.9199997,1.100001,-1,0
0.9399996,1.080001,-1,0
0.9599996,1.060001,-1,0
0.9799996,1.040001,-1,0
0.9999996,1.020001,-1,0
1.02,1.000001,-1,0
1.04,0.980001,-1,0
1.06,0.960001,-1,0
1.08,0.940001,-1,0
1.1,0.920001,-1,0
1.12,0.900001,-1,0
1.14,0.8800011,-1,0
1.159999,0.8600011,-1,0
1.179999,0.8400011,-1,0
1.199999,0.8200011,-1,0
1.219999,0.8000011,-1,0
1.239999,0.7800012,-1,0
1.259999,0.7600012,-1,0
1.279999,0.7400012,-1,0
1.299999,0.7200012,-1,0
1.319999,0.7000012,-1,0
1.339999,0.6800013,-1,0
1.359999,0.6600013,-1,0
1.379999,0.6400013,-1,0
1.399999,0.6200013,-1,0
1.419999,0.6000013,-1,0
1.439999,0.5800014,-1,0
1.459999,0.5600014,-1,0
1.479999,0.5400014,-1,0
1.499999,0.5200014,-1,0
1.519999,0.5000014,-1,0
1.539999,0.4800014,-1,0
1.559999,0.4600014,-1,0
1.579999,0.4400014,-1,0
1.599999,0.4200014,-1,0
1.619999,0.4000014,-1,0
1.639999,0.3800014,-1,0
1.659999,0.3600014,-1,0
1.679999,0.3400013,-1,0
1.699999,0.3200013,-1,0
1.719999,0.3000013,-1,0
1.739999,0.2800013,-1,0
1.759999,0.2600013,-1,0
1.779999,0.2400013,-1,0
1.799999,0.2200013,-1,0
1.819999,0.2000013,-1,0
1.839999,0.1800013,-1,0
1.859999,0.1600013,-1,0
1.879999,0.1400013,-1,0
1.899999,0.1200013,-1,0
1.919999,0.1000013,-1,0
1.939999,0.08000134,-1,0
1.959999,0.06000134,-1,0
1.979999,0.04000134,-1,0
1.999999,0.02000134,-1,0
2.019999,1.341105E-06,-1,0
2.039999,-0.01999866,-1,0.01999866
2.059999,-0.03999066,-0.9996001,0.03999066
2.079999,-0.05996666,-0.9988002,0.05996666
2.099999,-0.07991868,-0.9976009,0.07991868
2.119999,-0.09983873,-0.9960026,0.09983873
2.139999,-0.1197188,-0.9940058,0.1197188
2.159999,-0.1395511,-0.9916114,0.1395511
2.179999,-0.1593275,-0.9888204,0.1593275
2.199999,-0.1790401,-0.9856339,0.1790401
2.219999,-0.1986812,-0.982053,0.1986812
2.239999,-0.2182428,-0.9780794,0.2182428
2.259999,-0.2377171,-0.9737146,0.2377171
2.279999,-0.2570963,-0.9689602,0.2570963
2.299999,-0.2763727,-0.9638183,0.2763727
2.319999,-0.2955385,-0.9582909,0.2955385
2.339998,-0.3145861,-0.9523801,0.3145861
2.359998,-0.3335078,-0.9460884,0.3335078
2.379998,-0.3522962,-0.9394182,0.3522962
2.399998,-0.3709436,-0.9323723,0.3709436
2.419998,-0.3894427,-0.9249534,0.3894427
2.439998,-0.407786,-0.9171646,0.407786
2.459998,-0.4259662,-0.9090089,0.4259662
2.479998,-0.443976,-0.9004895,0.443976
2.499998,-0.4618082,-0.89161,0.4618082
2.519998,-0.4794556,-0.8823738,0.4794556
2.539998,-0.4969113,-0.8727847,0.4969113
2.559998,-0.5141683,-0.8628464,0.5141683
2.579998,-0.5312195,-0.8525631,0.5312195
2.599998,-0.5480583,-0.8419387,0.5480583
2.619998,-0.5646779,-0.8309775,0.5646779
2.639998,-0.5810716,-0.819684,0.5810716
2.659998,-0.5972328,-0.8080626,0.5972328
2.679998,-0.6131552,-0.7961179,0.6131552
2.699998,-0.6288323,-0.7838548,0.6288323
2.719998,-0.6442578,-0.7712781,0.6442578
2.739998,-0.6594257,-0.758393,0.6594257
2.759998,-0.6743298,-0.7452044,0.6743298
2.779998,-0.6889641,-0.7317178,0.6889641
2.799998,-0.7033229,-0.7179385,0.7033229
2.819998,-0.7174003,-0.7038721,0.7174003
2.839998,-0.7311908,-0.6895241,0.7311908
2.859998,-0.7446888,-0.6749002,0.7446888
2.879998,-0.7578889,-0.6600065,0.7578889
2.899998,-0.7707859,-0.6448487,0.7707859
2.919998,-0.7833745,-0.629433,0.7833745
2.939998,-0.7956499,-0.6137655,0.7956499
2.959998,-0.8076069,-0.5978525,0.8076069
2.979998,-0.8192409,-0.5817003,0.8192409
2.999998,-0.8305472,-0.5653155,0.8305472
3.019998,-0.8415213,-0.5487046,0.8415213
3.039998,-0.8521588,-0.5318741,0.8521588
3.059998,-0.8624554,-0.5148309,0.8624554
3.079998,-0.8724071,-0.4975818,0.8724071
3.099998,-0.8820097,-0.4801337,0.8820097
3.119998,-0.8912596,-0.4624935,0.8912596
3.139998,-0.900153,-0.4446683,0.900153
3.159998,-0.9086863,-0.4266653,0.9086863
3.179998,-0.9168561,-0.4084916,0.9168561
3.199998,-0.9246592,-0.3901544,0.9246592
3.219998,-0.9320924,-0.3716612,0.9320924
3.239998,-0.9391528,-0.3530194,0.9391528
3.259998,-0.9458376,-0.3342363,0.9458376
3.279998,-0.952144,-0.3153196,0.952144
3.299998,-0.9580695,-0.2962767,0.9580695
3.319998,-0.9636118,-0.2771153,0.9636118
3.339998,-0.9687687,-0.257843,0.9687687
3.359998,-0.973538,-0.2384677,0.973538
3.379997,-0.9779179,-0.2189969,0.9779179
3.399997,-0.9819067,-0.1994386,0.9819067
3.419997,-0.9855027,-0.1798004,0.9855027
3.439997,-0.9887044,-0.1600904,0.9887044
3.459997,-0.9915107,-0.1403163,0.9915107
3.479997,-0.9939204,-0.1204861,0.9939204
3.499997,-0.9959326,-0.1006077,0.9959326
3.519997,-0.9975464,-0.08068901,0.9975464
3.539997,-0.9987611,-0.06073808,0.9987611
3.559997,-0.9995764,-0.04076286,0.9995764
3.579997,-0.9999918,-0.02077133,0.9999918
3.599997,-1.000007,-0.0007714927,1.000007
3.619997,-0.9996227,0.01922865,0.9996227
3.639997,-0.9988383,0.03922111,0.9988383
3.659997,-0.9976543,0.05919787,0.9976543
3.679997,-0.9960713,0.07915096,0.9960713
3.699997,-0.9940898,0.09907238,0.9940898
3.719997,-0.9917108,0.1189542,0.9917108
3.739997,-0.988935,0.1387884,0.988935
3.759997,-0.9857637,0.1585671,0.9857637
3.779997,-0.982198,0.1782824,0.982198
3.799997,-0.9782395,0.1979263,0.9782395
3.819997,-0.9738896,0.2174911,0.9738896
3.839997,-0.9691502,0.2369689,0.9691502
3.859997,-0.9640232,0.2563519,0.9640232
3.879997,-0.9585106,0.2756324,0.9585106
3.899997,-0.9526145,0.2948026,0.9526145
3.919997,-0.9463375,0.3138549,0.9463375
3.939997,-0.9396818,0.3327817,0.9396818
3.959997,-0.9326503,0.3515753,0.9326503
3.979997,-0.9252458,0.3702283,0.9252458
3.999997,-0.9174711,0.3887332,0.9174711
4.019997,-0.9093295,0.4070826,0.9093295
4.039997,-0.9008241,0.4252692,0.9008241
4.059997,-0.8919584,0.4432857,0.8919584
4.079997,-0.8827358,0.4611249,0.8827358
4.099997,-0.8731602,0.4787796,0.8731602
4.119997,-0.8632354,0.4962428,0.8632354
4.139997,-0.8529652,0.5135075,0.8529652
4.159997,-0.8423539,0.5305669,0.8423539
4.179997,-0.8314056,0.5474139,0.8314056
4.199997,-0.8201247,0.564042,0.8201247
4.219997,-0.8085158,0.5804445,0.8085158
4.239997,-0.7965835,0.5966148,0.7965835
4.259997,-0.7843326,0.6125465,0.7843326
4.279997,-0.771768,0.6282331,0.771768
4.299997,-0.7588946,0.6436685,0.7588946
4.319997,-0.7457177,0.6588464,0.7457177
4.339997,-0.7322425,0.6737607,0.7322425
4.359997,-0.7184743,0.6884056,0.7184743
4.379997,-0.7044188,0.7027751,0.7044188
4.399997,-0.6900816,0.7168635,0.6900816
4.419997,-0.6754683,0.7306651,0.6754683
4.439997,-0.6605847,0.7441745,0.6605847
4.459997,-0.645437,0.7573861,0.645437
4.479997,-0.6300311,0.7702949,0.6300311
4.499997,-0.6143732,0.7828955,0.6143732
4.519997,-0.5984696,0.7951829,0.5984696
4.539997,-0.5823265,0.8071523,0.5823265
4.559997,-0.5659506,0.8187988,0.5659506
4.579997,-0.5493482,0.8301178,0.5493482
4.599997,-0.5325261,0.8411048,0.5325261
4.619997,-0.515491,0.8517553,0.515491
4.639997,-0.4982497,0.8620651,0.4982497
4.659997,-0.4808091,0.8720301,0.4808091
4.679996,-0.4631762,0.8816463,0.4631762
4.699996,-0.445358,0.8909099,0.445358
4.719996,-0.4273616,0.899817,0.4273616
4.739996,-0.4091944,0.9083642,0.4091944
4.759996,-0.3908634,0.9165481,0.3908634
4.779996,-0.3723761,0.9243654,0.3723761
4.799996,-0.3537398,0.9318129,0.3537398
4.819996,-0.3349621,0.9388877,0.3349621
4.839996,-0.3160503,0.945587,0.3160503
4.859996,-0.2970122,0.951908,0.2970122
4.879996,-0.2778552,0.9578483,0.2778552
4.899996,-0.2585871,0.9634054,0.2585871
4.919996,-0.2392156,0.9685771,0.2392156
4.939996,-0.2197483,0.9733614,0.2197483
4.959996,-0.2001932,0.9777563,0.2001932
4.979996,-0.180558,0.9817602,0.180558
4.999996,-0.1608506,0.9853714,0.1608506
5.019996,-0.1410788,0.9885883,0.1410788
5.039996,-0.1212506,0.9914099,0.1212506
5.059996,-0.1013739,0.9938349,0.1013739
5.079996,-0.08145666,0.9958624,0.08145666
5.099996,-0.06150683,0.9974915,0.06150683
5.119996,-0.0415324,0.9987216,0.0415324
5.139996,-0.02154135,0.9995522,0.02154135
5.159996,-0.001541693,0.9999831,0.001541693
5.179996,0.01845859,1.000014,0
5.199996,0.03845887,1.000014,0
5.219996,0.05845914,1.000014,0
5.239996,0.07845943,1.000014,0
5.259996,0.09845971,1.000014,0
5.279996,0.11846,1.000014,0
5.299996,0.1384603,1.000014,0
5.319996,0.1584605,1.000014,0
5.339996,0.1784608,1.000014,0
5.359996,0.1984611,1.000014,0
5.379996,0.2184614,1.000014,0
5.399996,0.2384617,1.000014,0
5.419996,0.258462,1.000014,0
5.439996,0.2784622,1.000014,0
5.459996,0.2984625,1.000014,0
5.479996,0.3184628,1.000014,0
5.499996,0.3384631,1.000014,0
5.519996,0.3584633,1.000014,0
5.539996,0.3784636,1.000014,0
5.559996,0.3984639,1.000014,0
5.579996,0.4184642,1.000014,0
5.599996,0.4384645,1.000014,0
5.619996,0.4584647,1.000014,0
5.639996,0.478465,1.000014,0
5.659996,0.4984653,1.000014,0
5.679996,0.5184656,1.000014,0
5.699996,0.5384659,1.000014,0
5.719995,0.5584661,1.000014,0
5.739995,0.5784664,1.000014,0
5.759995,0.5984667,1.000014,0
5.779995,0.618467,1.000014,0
5.799995,0.6384673,1.000014,0
5.819995,0.6584675,1.000014,0
5.839995,0.6784678,1.000014,0
5.859995,0.6984681,1.000014,0
5.879995,0.7184684,1.000014,0
5.899995,0.7384686,1.000014,0
5.919995,0.7584689,1.000014,0
5.939995,0.7784692,1.000014,0
5.959995,0.7984695,1.000014,0
5.979995,0.8184698,1.000014,0
5.999995,0.83847,1.000014,0
6.019995,0.8584703,1.000014,0
6.039995,0.8784706,1.000014,0
6.059995,0.8984709,1.000014,0
6.079995,0.9184712,1.000014,0
6.099995,0.9384714,1.000014,0
6.119995,0.9584717,1.000014,0
6.139995,0.978472,1.000014,0
6.159995,0.9984723,1.000014,0
6.179995,1.018473,1.000014,0
6.199995,1.038473,1.000014,0
6.219995,1.058473,1.000014,0
6.239995,1.078473,1.000014,0
6.259995,1.098474,1.000014,0
6.279995,1.118474,1.000014,0
6.299995,1.138474,1.000014,0
6.319995,1.158474,1.000014,0
6.339995,1.178474,1.000014,0
6.359995,1.198475,1.000014,0
6.379995,1.218475,1.000014,0
6.399995,1.238475,1.000014,0
6.419995,1.258475,1.000014,0
6.439995,1.278476,1.000014,0
6.459995,1.298476,1.000014,0
6.479995,1.318476,1.000014,0
6.499995,1.338476,1.000014,0
6.519995,1.358476,1.000014,0
6.539995,1.378477,1.000014,0
6.559995,1.398477,1.000014,0
6.579995,1.418477,1.000014,0
6.599995,1.438477,1.000014,0
6.619995,1.458477,1.000014,0
6.639995,1.478478,1.000014,0
6.659995,1.498478,1.000014,0
6.679995,1.518478,1.000014,0
6.699995,1.538478,1.000014,0
6.719995,1.558479,1.000014,0
6.739995,1.578479,1.000014,0
6.759995,1.598479,1.000014,0
6.779994,1.618479,1.000014,0
6.799994,1.638479,1.000014,0
6.819994,1.65848,1.000014,0
6.839994,1.67848,1.000014,0
6.859994,1.69848,1.000014,0
6.879994,1.71848,1.000014,0
6.899994,1.738481,1.000014,0
6.919994,1.758481,1.000014,0
6.939994,1.778481,1.000014,0
6.959994,1.798481,1.000014,0
6.979994,1.818481,1.000014,0
6.999994,1.838482,1.000014,0
7.019994,1.858482,1.000014,0
7.039994,1.878482,1.000014,0
7.059994,1.898482,1.000014,0
7.079994,1.918483,1.000014,0
7.099994,1.938483,1.000014,0
7.119994,1.958483,1.000014,0
7.139994,1.978483,1.000014,0
7.159994,1.998483,1.000014,0
7.179994,2.018484,1.000014,0
7.199994,2.038484,1.000014,0
7.219994,2.058484,1.000014,0
7.239994,2.078484,1.000014,0
7.259994,2.098485,1.000014,0
7.279994,2.118485,1.000014,0
7.299994,2.138485,1.000014,0
7.319994,2.158485,1.000014,0
7.339994,2.178485,1.000014,0
7.359994,2.198486,1.000014,0
7.379994,2.218486,1.000014,0
7.399994,2.238486,1.000014,0
7.419994,2.258486,1.000014,0
7.439994,2.278486,1.000014,0
7.459994,2.298487,1.000014,0
7.479994,2.318487,1.000014,0
7.499994,2.338487,1.000014,0
7.519994,2.358487,1.000014,0
7.539994,2.378488,1.000014,0
7.559994,2.398488,1.000014,0
7.579994,2.418488,1.000014,0
7.599994,2.438488,1.000014,0
7.619994,2.458488,1.000014,0
7.639994,2.478489,1.000014,0
7.659994,2.498489,1.000014,0
7.679994,2.518489,1.000014,0
7.699994,2.538489,1.000014,0
7.719994,2.55849,1.000014,0
7.739994,2.57849,1.000014,0
7.759994,2.59849,1.000014,0
7.779994,2.61849,1.000014,0
7.799994,2.63849,1.000014,0
7.819993,2.658491,1.000014,0
7.839993,2.678491,1.000014,0
7.859993,2.698491,1.000014,0
7.879993,2.718491,1.000014,0
7.899993,2.738492,1.000014,0
7.919993,2.758492,1.000014,0
7.939993,2.778492,1.000014,0
7.959993,2.798492,1.000014,0
7.979993,2.818492,1.000014,0
7.999993,2.838493,1.000014,0
8.019994,2.858493,1.000014,0
8.039994,2.878493,1.000014,0
8.059995,2.898493,1.000014,0
8.079995,2.918494,1.000014,0
8.099996,2.938494,1.000014,0
8.119996,2.958494,1.000014,0
8.139997,2.978494,1.000014,0
8.159997,2.998494,1.000014,0
8.179997,3.018495,1.000014,0
8.199998,3.038495,1.000014,0
8.219998,3.058495,1.000014,0
8.239999,3.078495,1.000014,0
8.259999,3.098495,1.000014,0
8.28,3.118496,1.000014,0
8.3,3.138496,1.000014,0
8.320001,3.158496,1.000014,0
8.340001,3.178496,1.000014,0
8.360002,3.198497,1.000014,0
8.380002,3.218497,1.000014,0
8.400002,3.238497,1.000014,0
8.420003,3.258497,1.000014,0
8.440003,3.278497,1.000014,0
8.460004,3.298498,1.000014,0
8.480004,3.318498,1.000014,0
8.500005,3.338498,1.000014,0
8.520005,3.358498,1.000014,0
8.540006,3.378499,1.000014,0
8.560006,3.398499,1.000014,0
8.580007,3.418499,1.000014,0
8.600007,3.438499,1.000014,0
8.620008,3.458499,1.000014,0
8.640008,3.4785,1.000014,0
8.660008,3.4985,1.000014,0
8.680009,3.5185,1.000014,0
8.700009,3.5385,1.000014,0
8.72001,3.558501,1.000014,0
8.74001,3.578501,1.000014,0
8.760011,3.598501,1.000014,0
8.780011,3.618501,1.000014,0
8.800012,3.638501,1.000014,0
8.820012,3.658502,1.000014,0
8.840013,3.678502,1.000014,0
8.860013,3.698502,1.000014,0
8.880013,3.718502,1.000014,0
8.900014,3.738503,1.000014,0
8.920014,3.758503,1.000014,0
8.940015,3.778503,1.000014,0
8.960015,3.798503,1.000014,0
8.980016,3.818503,1.000014,0
9.000016,3.838504,1.000014,0
9.020017,3.858504,1.000014,0
9.040017,3.878504,1.000014,0
9.060018,3.898504,1.000014,0
9.080018,3.918504,1.000014,0
9.100019,3.938505,1.000014,0
9.120019,3.958505,1.000014,0
9.140019,3.978505,1.000014,0
9.16002,3.998505,1.000014,0
9.18002,4.018506,1.000014,0
9.200021,4.038506,1.000014,0
9.220021,4.058506,1.000014,0
9.240022,4.078507,1.000014,0
9.260022,4.098507,1.000014,0
9.280023,4.118508,1.000014,0
9.300023,4.138508,1.000014,0
9.320024,4.158509,1.000014,0
9.340024,4.178509,1.000014,0
9.360024,4.19851,1.000014,0
9.380025,4.21851,1.000014,0
9.400025,4.238511,1.000014,0
9.420026,4.258511,1.000014,0
9.440026,4.278512,1.000014,0
9.460027,4.298512,1.000014,0
9.480027,4.318512,1.000014,0
9.500028,4.338513,1.000014,0
9.520028,4.358513,1.000014,0
9.540029,4.378514,1.000014,0
9.560029,4.398514,1.000014,0
9.580029,4.418515,1.000014,0
9.60003,4.438515,1.000014,0
9.62003,4.458516,1.000014,0
9.640031,4.478516,1.000014,0
9.660031,4.498517,1.000014,0
9.680032,4.518517,1.000014,0
9.700032,4.538517,1.000014,0
9.720033,4.558518,1.000014,0
9.740033,4.578518,1.000014,0
9.760034,4.598519,1.000014,0
9.780034,4.618519,1.000014,0
9.800035,4.63852,1.000014,0
9.820035,4.65852,1.000014,0
9.840035,4.678521,1.000014,0
9.860036,4.698521,1.000014,0
9.880036,4.718522,1.000014,0
9.900037,4.738522,1.000014,0
9.920037,4.758523,1.000014,0
9.940038,4.778523,1.000014,0
9.960038,4.798523,1.000014,0
9.980039,4.818524,1.000014,0
10.00004,4.838524,1.000014,0
10.02004,4.858525,1.000014,0
10.04004,4.878525,1.000014,0
10.06004,4.898526,1.000014,0
10.08004,4.918526,1.000014,0
10.10004,4.938527,1.000014,0
10.12004,4.958527,1.000014,0
10.14004,4.978528,1.000014,0
10.16004,4.998528,1.000014,0
10.18004,5.018528,1.000014,0
10.20004,5.038529,1.000014,0
10.22004,5.058529,1.000014,0
10.24004,5.07853,1.000014,0
10.26005,5.09853,1.000014,0
10.28005,5.118531,1.000014,0
10.30005,5.138531,1.000014,0
10.32005,5.158532,1.000014,0
10.34005,5.178532,1.000014,0
10.36005,5.198533,1.000014,0
10.38005,5.218533,1.000014,0
10.40005,5.238533,1.000014,0
10.42005,5.258534,1.000014,0
10.44005,5.278534,1.000014,0
10.46005,5.298535,1.000014,0
10.48005,5.318535,1.000014,0
10.50005,5.338536,1.000014,0
10.52005,5.358536,1.000014,0
10.54005,5.378537,1.000014,0
10.56005,5.398537,1.000014,0
10.58005,5.418538,1.000014,0
10.60005,5.438538,1.000014,0
10.62005,5.458539,1.000014,0
10.64005,5.478539,1.000014,0
10.66005,5.498539,1.000014,0
10.68005,5.51854,1.000014,0
10.70006,5.53854,1.000014,0
10.72006,5.558541,1.000014,0
10.74006,5.578541,1.000014,0
10.76006,5.598542,1.000014,0
10.78006,5.618542,1.000014,0
10.80006,5.638543,1.000014,0
10.82006,5.658543,1.000014,0
10.84006,5.678544,1.000014,0
10.86006,5.698544,1.000014,0
10.88006,5.718544,1.000014,0
10.90006,5.738545,1.000014,0
10.92006,5.758545,1.000014,0
10.94006,5.778546,1.000014,0
10.96006,5.798546,1.000014,0
10.98006,5.818547,1.000014,0
11.00006,5.838547,1.000014,0
11.02006,5.858548,1.000014,0
11.04006,5.878548,1.000014,0
11.06006,5.898549,1.000014,0
11.08006,5.918549,1.000014,0
11.10006,5.93855,1.000014,0
11.12006,5.95855,1.000014,0
11.14007,5.97855,1.000014,0
11.16007,5.998551,1.000014,0
11.18007,6.018551,1.000014,0
11.20007,6.038552,1.000014,0
11.22007,6.058552,1.000014,0
11.24007,6.078553,1.000014,0
11.26007,6.098553,1.000014,0
11.28007,6.118554,1.000014,0
11.30007,6.138554,1.000014,0
11.32007,6.158555,1.000014,0
11.34007,6.178555,1.000014,0
11.36007,6.198555,1.000014,0
11.38007,6.218556,1.000014,0
11.40007,6.238556,1.000014,0
11.42007,6.258557,1.000014,0
11.44007,6.278557,1.000014,0
11.46007,6.298558,1.000014,0
11.48007,6.318558,1.000014,0
11.50007,6.338559,1.000014,0
11.52007,6.358559,1.000014,0
11.54007,6.37856,1.000014,0
11.56007,6.39856,1.000014,0
11.58008,6.418561,1.000014,0
11.60008,6.438561,1.000014,0
11.62008,6.458561,1.000014,0
11.64008,6.478562,1.000014,0
11.66008,6.498562,1.000014,0
11.68008,6.518563,1.000014,0
11.70008,6.538563,1.000014,0
11.72008,6.558564,1.000014,0
11.74008,6.578564,1.000014,0
11.76008,6.598565,1.000014,0
11.78008,6.618565,1.000014,0
11.80008,6.638566,1.000014,0
11.82008,6.658566,1.000014,0
11.84008,6.678566,1.000014,0
11.86008,6.698567,1.000014,0
11.88008,6.718567,1.000014,0
11.90008,6.738568,1.000014,0
11.92008,6.758568,1.000014,0
11.94008,6.778569,1.000014,0
11.96008,6.798569,1.000014,0
11.98008,6.81857,1.000014,0
12.00008,6.83857,1.000014,0
12.02009,6.858571,1.000014,0
12.04009,6.878571,1.000014,0
12.06009,6.898571,1.000014,0
12.08009,6.918572,1.000014,0
12.10009,6.938572,1.000014,0
12.12009,6.958573,1.000014,0
12.14009,6.978573,1.000014,0
12.16009,6.998574,1.000014,0
12.18009,7.018574,1.000014,0
12.20009,7.038575,1.000014,0
12.22009,7.058575,1.000014,0
12.24009,7.078576,1.000014,0
12.26009,7.098576,1.000014,0
12.28009,7.118577,1.000014,0
12.30009,7.138577,1.000014,0
12.32009,7.158577,1.000014,0
12.34009,7.178578,1.000014,0
12.36009,7.198578,1.000014,0
12.38009,7.218579,1.000014,0
12.40009,7.238579,1.000014,0
12.42009,7.25858,1.000014,0
12.44009,7.27858,1.000014,0
12.4601,7.298581,1.000014,0
12.4801,7.318581,1.000014,0
12.5001,7.338582,1.000014,0
12.5201,7.358582,1.000014,0
12.5401,7.378582,1.000014,0
12.5601,7.398583,1.000014,0
12.5801,7.418583,1.000014,0
12.6001,7.438584,1.000014,0
12.6201,7.458584,1.000014,0
12.6401,7.478585,1.000014,0
12.6601,7.498585,1.000014,0
12.6801,7.518586,1.000014,0
12.7001,7.538586,1.000014,0
12.7201,7.558587,1.000014,0
12.7401,7.578587,1.000014,0
12.7601,7.598588,1.000014,0
12.7801,7.618588,1.000014,0
12.8001,7.638588,1.000014,0
12.8201,7.658589,1.000014,0
12.8401,7.678589,1.000014,0
12.8601,7.69859,1.000014,0
12.88011,7.71859,1.000014,0
12.90011,7.738591,1.000014,0
12.92011,7.758591,1.000014,0
12.94011,7.778592,1.000014,0
12.96011,7.798592,1.000014,0
12.98011,7.818593,1.000014,0
13.00011,7.838593,1.000014,0
13.02011,7.858593,1.000014,0
13.04011,7.878594,1.000014,0
13.06011,7.898594,1.000014,0
13.08011,7.918595,1.000014,0
13.10011,7.938595,1.000014,0
13.12011,7.958596,1.000014,0
13.14011,7.978596,1.000014,0
13.16011,7.998597,1.000014,0
13.18011,8.018597,1.000014,0
13.20011,8.038597,1.000014,0
13.22011,8.058598,1.000014,0
13.24011,8.078598,1.000014,0
13.26011,8.098598,1.000014,0
13.28011,8.118599,1.000014,0
13.30011,8.138599,1.000014,0
13.32012,8.1586,1.000014,0
13.34012,8.1786,1.000014,0
13.36012,8.198601,1.000014,0
13.38012,8.218601,1.000014,0
13.40012,8.238602,1.000014,0
13.42012,8.258602,1.000014,0
13.44012,8.278603,1.000014,0
13.46012,8.298603,1.000014,0
13.48012,8.318604,1.000014,0
13.50012,8.338604,1.000014,0
13.52012,8.358604,1.000014,0
13.54012,8.378605,1.000014,0
13.56012,8.398605,1.000014,0
13.58012,8.418606,1.000014,0
13.60012,8.438606,1.000014,0
13.62012,8.458607,1.000014,0
13.64012,8.478607,1.000014,0
13.66012,8.498608,1.000014,0
13.68012,8.518608,1.000014,0
13.70012,8.538609,1.000014,0
13.72012,8.558609,1.000014,0
13.74012,8.578609,1.000014,0
13.76013,8.59861,1.000014,0
13.78013,8.61861,1.000014,0
13.80013,8.638611,1.000014,0
13.82013,8.658611,1.000014,0
13.84013,8.678612,1.000014,0
13.86013,8.698612,1.000014,0
13.88013,8.718613,1.000014,0
13.90013,8.738613,1.000014,0
13.92013,8.758614,1.000014,0
13.94013,8.778614,1.000014,0
13.96013,8.798615,1.000014,0
13.98013,8.818615,1.000014,0
14.00013,8.838615,1.000014,0
14.02013,8.858616,1.000014,0
14.04013,8.878616,1.000014,0
14.06013,8.898617,1.000014,0
14.08013,8.918617,1.000014,0
14.10013,8.938618,1.000014,0
14.12013,8.958618,1.000014,0
14.14013,8.978619,1.000014,0
14.16013,8.998619,1.000014,0
14.18013,9.01862,1.000014,0
14.20014,9.03862,1.000014,0
14.22014,9.05862,1.000014,0
14.24014,9.078621,1.000014,0
14.26014,9.098621,1.000014,0
14.28014,9.118622,1.000014,0
14.30014,9.138622,1.000014,0
14.32014,9.158623,1.000014,0
14.34014,9.178623,1.000014,0
14.36014,9.198624,1.000014,0
14.38014,9.218624,1.000014,0
14.40014,9.238625,1.000014,0
14.42014,9.258625,1.000014,0
14.44014,9.278625,1.000014,0
14.46014,9.298626,1.000014,0
14.48014,9.318626,1.000014,0
14.50014,9.338627,1.000014,0
14.52014,9.358627,1.000014,0
14.54014,9.378628,1.000014,0
14.56014,9.398628,1.000014,0
14.58014,9.418629,1.000014,0
14.60014,9.438629,1.000014,0
14.62014,9.45863,1.000014,0
14.64015,9.47863,1.000014,0
14.66015,9.498631,1.000014,0
14.68015,9.518631,1.000014,0
14.70015,9.538631,1.000014,0
14.72015,9.558632,1.000014,0
14.74015,9.578632,1.000014,0
14.76015,9.598633,1.000014,0
14.78015,9.618633,1.000014,0
14.80015,9.638634,1.000014,0
14.82015,9.658634,1.000014,0
14.84015,9.678635,1.000014,0
14.86015,9.698635,1.000014,0
14.88015,9.718636,1.000014,0
14.90015,9.738636,1.000014,0
14.92015,9.758636,1.000014,0
14.94015,9.778637,1.000014,0
14.96015,9.798637,1.000014,0
14.98015,9.818638,1.000014,0
15.00015,9.838638,1.000014,0
15.02015,9.858639,1.000014,0
15.04015,9.878639,1.000014,0
15.06015,9.89864,1.000014,0
15.08016,9.91864,1.000014,0
15.10016,9.938641,1.000014,0
15.12016,9.958641,1.000014,0
15.14016,9.978642,1.000014,0
15.16016,9.998642,1.000014,0
15.18016,10.01864,1.000014,0
15.20016,10.03864,1.000014,0
15.22016,10.05864,1.000014,0
15.24016,10.07864,1.000014,0
15.26016,10.09864,1.000014,0
15.28016,10.11864,1.000014,0
15.30016,10.13865,1.000014,0
15.32016,10.15865,1.000014,0
15.34016,10.17865,1.000014,0
15.36016,10.19865,1.000014,0
15.38016,10.21865,1.000014,0
15.40016,10.23865,1.000014,0
15.42016,10.25865,1.000014,0
15.44016,10.27865,1.000014,0
15.46016,10.29865,1.000014,0
15.48016,10.31865,1.000014,0
15.50016,10.33865,1.000014,0
15.52017,10.35865,1.000014,0
15.54017,10.37865,1.000014,0
15.56017,10.39865,1.000014,0
15.58017,10.41865,1.000014,0
15.60017,10.43865,1.000014,0
15.62017,10.45865,1.000014,0
15.64017,10.47865,1.000014,0
15.66017,10.49865,1.000014,0
15.68017,10.51865,1.000014,0
15.70017,10.53865,1.000014,0
15.72017,10.55865,1.000014,0
15.74017,10.57866,1.000014,0
15.76017,10.59866,1.000014,0
15.78017,10.61866,1.000014,0
15.80017,10.63866,1.000014,0
15.82017,10.65866,1.000014,0
15.84017,10.67866,1.000014,0
15.86017,10.69866,1.000014,0
15.88017,10.71866,1.000014,0
15.90017,10.73866,1.000014,0
15.92017,10.75866,1.000014,0
15.94018,10.77866,1.000014,0
15.96018,10.79866,1.000014,0
15.98018,10.81866,1.000014,0
16.00018,10.83866,1.000014,0
16.02018,10.85866,1.000014,0
16.04018,10.87866,1.000014,0
16.06018,10.89866,1.000014,0
16.08018,10.91866,1.000014,0
16.10018,10.93866,1.000014,0
16.12018,10.95866,1.000014,0
16.14018,10.97866,1.000014,0
16.16018,10.99866,1.000014,0
16.18018,11.01867,1.000014,0
16.20018,11.03867,1.000014,0
16.22018,11.05867,1.000014,0
16.24018,11.07867,1.000014,0
16.26018,11.09867,1.000014,0
16.28018,11.11867,1.000014,0
16.30018,11.13867,1.000014,0
16.32018,11.15867,1.000014,0
16.34018,11.17867,1.000014,0
16.36018,11.19867,1.000014,0
16.38018,11.21867,1.000014,0
16.40018,11.23867,1.000014,0
16.42019,11.25867,1.000014,0
16.44019,11.27867,1.000014,0
16.46019,11.29867,1.000014,0
16.48019,11.31867,1.000014,0
16.50019,11.33867,1.000014,0
16.52019,11.35867,1.000014,0
16.54019,11.37867,1.000014,0
16.56019,11.39867,1.000014,0
16.58019,11.41867,1.000014,0
16.60019,11.43867,1.000014,0
16.62019,11.45868,1.000014,0
16.64019,11.47868,1.000014,0
16.66019,11.49868,1.000014,0
16.68019,11.51868,1.000014,0
16.70019,11.53868,1.000014,0
16.72019,11.55868,1.000014,0
16.74019,11.57868,1.000014,0
16.76019,11.59868,1.000014,0
16.78019,11.61868,1.000014,0
16.80019,11.63868,1.000014,0
16.82019,11.65868,1.000014,0
16.84019,11.67868,1.000014,0
16.8602,11.69868,1.000014,0
16.8802,11.71868,1.000014,0
16.9002,11.73868,1.000014,0
16.9202,11.75868,1.000014,0
16.9402,11.77868,1.000014,0
16.9602,11.79868,1.000014,0
16.9802,11.81868,1.000014,0
17.0002,11.83868,1.000014,0
17.0202,11.85868,1.000014,0
17.0402,11.87868,1.000014,0
17.0602,11.89869,1.000014,0
17.0802,11.91869,1.000014,0
17.1002,11.93869,1.000014,0
17.1202,11.95869,1.000014,0
17.1402,11.97869,1.000014,0
17.1602,11.99869,1.000014,0
17.1802,12.01869,1.000014,0
17.2002,12.03869,1.000014,0
17.2202,12.05869,1.000014,0
17.2402,12.07869,1.000014,0
17.2602,12.09869,1.000014,0
17.2802,12.11869,1.000014,0
17.30021,12.13869,1.000014,0
17.32021,12.15869,1.000014,0
17.34021,12.17869,1.000014,0
17.36021,12.19869,1.000014,0
17.38021,12.21869,1.000014,0
17.40021,12.23869,1.000014,0
17.42021,12.25869,1.000014,0
17.44021,12.27869,1.000014,0
17.46021,12.29869,1.000014,0
17.48021,12.3187,1.000014,0
17.50021,12.3387,1.000014,0
17.52021,12.3587,1.000014,0
17.54021,12.3787,1.000014,0
17.56021,12.3987,1.000014,0
17.58021,12.4187,1.000014,0
17.60021,12.4387,1.000014,0
17.62021,12.4587,1.000014,0
17.64021,12.4787,1.000014,0
17.66021,12.4987,1.000014,0
17.68021,12.5187,1.000014,0
17.70021,12.5387,1.000014,0
17.72021,12.5587,1.000014,0
17.74022,12.5787,1.000014,0
17.76022,12.5987,1.000014,0
17.78022,12.6187,1.000014,0
17.80022,12.6387,1.000014,0
